id,name,blood_group,city,area,phone,last_donated,next_eligible,status,donations_count,daata_wall_opt
1,Rahul Shah,B+,Vadodara,Alkapuri,9876543210,2024-10-01,2025-01-01,Available,9,1
2,Priya Mehta,O+,Vadodara,Fatehgunj,9876543211,2024-10-15,2025-01-14,Available,6,1
3,Amit Patel,AB-,Surat,Adajan,9876543212,2024-09-20,2024-12-20,Available,5,1
4,Sneha Joshi,A+,Ahmedabad,Satellite,9876543213,2024-11-01,2025-02-01,Available,4,1
5,Dev Raval,O-,Vadodara,Manjalpur,9876543214,2024-10-05,2025-01-04,Available,3,1
6,Kavya Desai,AB-,Surat,Vesu,9876543215,2024-09-10,2024-12-10,Available,4,1
7,Rohan Trivedi,B-,Ahmedabad,Navrangpura,9876543216,2024-11-15,2025-02-14,Available,2,1
8,Hiral Modi,O+,Vadodara,Gotri,9876543217,2024-10-20,2025-01-19,Available,5,1
9,Tanvi Shah,A-,Rajkot,Kalawad Road,9876543218,2024-09-25,2024-12-25,Available,6,1
10,Kiran Patel,B+,Surat,Citylight,9876543219,2024-11-05,2025-02-04,Available,3,1
11,Neel Sharma,A+,Ahmedabad,Bopal,9876543220,2024-10-10,2025-01-09,Available,2,1
12,Pooja Yadav,O+,Vadodara,Karelibaug,9876543221,2024-09-15,2024-12-15,Available,4,1
13,Vivek Singh,B+,Surat,Katargam,9876543222,2024-11-20,2025-02-19,Available,1,1
14,Ritu Gupta,A-,Ahmedabad,Maninagar,9876543223,2024-10-25,2025-01-24,Available,3,1
15,Harsh Patel,O-,Vadodara,Sayajigunj,9876543224,2024-09-30,2024-12-30,Available,2,1
16,Meera Jain,AB+,Surat,Athwa,9876543225,2024-11-10,2025-02-09,Available,5,1
17,Arjun Mehta,B-,Ahmedabad,Vastrapur,9876543226,2024-10-18,2025-01-17,Available,1,0
18,Sonal Patel,A+,Vadodara,Raopura,9876543227,2024-09-22,2024-12-22,Available,4,1
19,Dhruv Shah,O+,Surat,Udhna,9876543228,2024-11-25,2025-02-24,Available,2,0
20,Nisha Desai,B+,Ahmedabad,SG Highway,9876543229,2024-10-12,2025-01-11,Available,3,1
21,Raj Kumar,A-,Vadodara,Akota,9876543230,2024-09-18,2024-12-18,Available,6,1
22,Priti Modi,O-,Surat,Piplod,9876543231,2024-11-08,2025-02-07,Available,1,0
23,Sanjay Patel,AB-,Ahmedabad,Gota,9876543232,2024-10-22,2025-01-21,Available,3,1
24,Anita Shah,B+,Vadodara,Vasna,9876543233,2024-09-28,2024-12-28,Available,2,1
25,Mohit Joshi,O+,Surat,Bhatar,9876543234,2024-11-18,2025-02-17,Available,4,1
26,Dipti Trivedi,A+,Ahmedabad,Chandkheda,9876543235,2024-10-08,2025-01-07,Available,1,0
27,Krunal Shah,B-,Vadodara,Gorwa,9876543236,2024-09-12,2024-12-12,Available,5,1
28,Rekha Patel,O+,Surat,Varachha,9876543237,2024-11-28,2025-02-27,Available,2,1
29,Tushar Mehta,A-,Ahmedabad,Prahlad Nagar,9876543238,2024-10-16,2025-01-15,Available,3,0
30,Geeta Singh,AB+,Vadodara,Harni,9876543239,2024-09-08,2024-12-08,Available,7,1
31,Yash Patel,O-,Surat,Althan,9876543240,2024-11-22,2025-02-21,Available,1,0
32,Bhavna Shah,B+,Ahmedabad,Thaltej,9876543241,2024-10-28,2025-01-27,Available,4,1
33,Nikhil Joshi,A+,Vadodara,Atladra,9876543242,2024-09-05,2024-12-05,Available,2,1
34,Swati Desai,O+,Surat,Pal,9876543243,2024-11-12,2025-02-11,Available,3,1
35,Chirag Patel,B-,Ahmedabad,Ambawadi,9876543244,2024-10-02,2025-01-01,Available,5,1
36,Kavita Modi,A-,Vadodara,Sama,9876543245,2024-09-25,2024-12-25,Available,1,0
37,Parth Shah,AB-,Surat,Kamrej,9876543246,2024-11-15,2025-02-14,Available,2,1
38,Riya Trivedi,O+,Ahmedabad,Paldi,9876543247,2024-10-20,2025-01-19,Available,6,1
39,Manish Kumar,B+,Vadodara,Race Course,9876543248,2024-09-18,2024-12-18,Available,3,1
40,Jyoti Patel,A+,Surat,Dumas,9876543249,2024-11-05,2025-02-04,Available,4,1
41,Vishal Shah,O-,Ahmedabad,Ellis Bridge,9876543250,2024-10-14,2025-01-13,Available,2,0
42,Shreya Mehta,B+,Vadodara,Fatehgunj,9876543251,2024-09-22,2024-12-22,Available,5,1
43,Aakash Patel,A-,Surat,Sachin,9876543252,2024-11-28,2025-02-27,Available,1,0
44,Nidhi Shah,O+,Ahmedabad,Shahibaug,9876543253,2024-10-08,2025-01-07,Available,3,1
45,Rajan Joshi,AB+,Vadodara,Alkapuri,9876543254,2024-09-15,2024-12-15,Available,8,1
46,Falak Desai,B-,Surat,Adajan,9876543255,2024-11-20,2025-02-19,Available,2,1
47,Zeel Patel,A+,Ahmedabad,Nikol,9876543256,2024-10-25,2025-01-24,Available,4,0
48,Maulik Shah,O+,Vadodara,Manjalpur,9876543257,2024-09-10,2024-12-10,Available,3,1
49,Payal Trivedi,B+,Surat,Vesu,9876543258,2024-11-08,2025-02-07,Available,6,1
50,Dhruvil Modi,A-,Ahmedabad,Satellite,9876543259,2024-10-18,2025-01-17,Available,1,0
51,Ankita Shah,O-,Vadodara,Gotri,9876543260,2024-09-28,2024-12-28,Available,4,1
52,Bhavin Patel,AB-,Surat,Citylight,9876543261,2024-11-12,2025-02-11,Available,2,1
53,Chandni Joshi,B+,Ahmedabad,Bopal,9876543262,2024-10-05,2025-01-04,Available,5,1
54,Deep Shah,A+,Vadodara,Karelibaug,9876543263,2024-09-20,2024-12-20,Available,3,0
55,Ekta Mehta,O+,Surat,Katargam,9876543264,2024-11-25,2025-02-24,Available,1,1
56,Fenil Patel,B-,Ahmedabad,Navrangpura,9876543265,2024-10-12,2025-01-11,Available,7,1
57,Gopi Shah,A-,Vadodara,Sayajigunj,9876543266,2024-09-05,2024-12-05,Available,2,1
58,Hina Desai,O+,Surat,Athwa,9876543267,2024-11-18,2025-02-17,Available,4,1
59,Ishan Trivedi,AB+,Ahmedabad,Vastrapur,9876543268,2024-10-22,2025-01-21,Available,3,0
60,Jalpa Modi,B+,Vadodara,Raopura,9876543269,2024-09-12,2024-12-12,Available,5,1
61,Keval Shah,O-,Surat,Udhna,9876543270,2024-11-05,2025-02-04,Available,2,0
62,Lata Patel,A+,Ahmedabad,SG Highway,9876543271,2024-10-28,2025-01-27,Available,6,1
63,Milan Joshi,B-,Vadodara,Akota,9876543272,2024-09-18,2024-12-18,Available,1,1
64,Nita Shah,O+,Surat,Piplod,9876543273,2024-11-22,2025-02-21,Available,3,1
65,Om Patel,A-,Ahmedabad,Gota,9876543274,2024-10-15,2025-01-14,Available,4,0
66,Pinal Mehta,AB-,Vadodara,Vasna,9876543275,2024-09-08,2024-12-08,Available,2,1
67,Qutub Shah,B+,Surat,Bhatar,9876543276,2024-11-28,2025-02-27,Available,5,1
68,Rupa Trivedi,A+,Ahmedabad,Chandkheda,9876543277,2024-10-02,2025-01-01,Available,1,0
69,Samir Patel,O+,Vadodara,Gorwa,9876543278,2024-09-25,2024-12-25,Available,3,1
70,Tejal Shah,B-,Surat,Varachha,9876543279,2024-11-15,2025-02-14,Available,4,1
71,Uday Joshi,A-,Ahmedabad,Prahlad Nagar,9876543280,2024-10-20,2025-01-19,Available,2,1
72,Varsha Patel,O-,Vadodara,Harni,9876543281,2024-09-22,2024-12-22,Available,6,1
73,Waqar Shah,AB+,Surat,Althan,9876543282,2024-11-08,2025-02-07,Available,3,0
74,Xenia Mehta,B+,Ahmedabad,Thaltej,9876543283,2024-10-25,2025-01-24,Available,5,1
75,Yamini Patel,A+,Vadodara,Atladra,9876543284,2024-09-15,2024-12-15,Available,2,1
76,Zalak Shah,O+,Surat,Pal,9876543285,2024-11-20,2025-02-19,Available,4,1
77,Abhi Trivedi,B-,Ahmedabad,Ambawadi,9876543286,2024-10-08,2025-01-07,Available,1,0
78,Bhumi Modi,A-,Vadodara,Sama,9876543287,2024-09-10,2024-12-10,Available,3,1
79,Chintan Shah,AB-,Surat,Kamrej,9876543288,2024-11-25,2025-02-24,Available,2,1
80,Daksha Patel,O+,Ahmedabad,Paldi,9876543289,2024-10-15,2025-01-14,Available,7,1
81,Eshan Joshi,B+,Vadodara,Race Course,9876543290,2024-09-28,2024-12-28,Available,4,0
82,Foram Shah,A+,Surat,Dumas,9876543291,2024-11-12,2025-02-11,Available,3,1
83,Gaurav Patel,O-,Ahmedabad,Ellis Bridge,9876543292,2024-10-22,2025-01-21,Available,5,1
84,Hemali Mehta,B-,Vadodara,Fatehgunj,9876543293,2024-09-05,2024-12-05,Available,2,0
85,Ishaan Shah,A-,Surat,Sachin,9876543294,2024-11-18,2025-02-17,Available,6,1
86,Janki Desai,O+,Ahmedabad,Shahibaug,9876543295,2024-10-05,2025-01-04,Available,1,1
87,Kartik Patel,AB+,Vadodara,Alkapuri,9876543296,2024-09-20,2024-12-20,Available,4,1
88,Leena Shah,B+,Surat,Adajan,9876543297,2024-11-05,2025-02-04,Available,3,0
89,Manav Joshi,A+,Ahmedabad,Nikol,9876543298,2024-10-12,2025-01-11,Available,2,1
90,Nitu Patel,O+,Vadodara,Manjalpur,9876543299,2024-09-18,2024-12-18,Available,5,1
91,Omkar Shah,B-,Surat,Vesu,9876543300,2024-11-28,2025-02-27,Available,1,1
92,Palak Trivedi,A-,Ahmedabad,Satellite,9876543301,2024-10-28,2025-01-27,Available,3,0
93,Qasim Patel,O-,Vadodara,Gotri,9876543302,2024-09-12,2024-12-12,Available,4,1
94,Riddhi Shah,AB-,Surat,Citylight,9876543303,2024-11-22,2025-02-21,Available,2,1
95,Shreya Mehta,B+,Ahmedabad,Bopal,9876543304,2024-10-18,2025-01-17,Available,6,1
96,Tej Patel,A+,Vadodara,Karelibaug,9876543305,2024-09-25,2024-12-25,Available,3,0
97,Urja Shah,O+,Surat,Katargam,9876543306,2024-11-15,2025-02-14,Available,5,1
98,Vikram Joshi,B-,Ahmedabad,Navrangpura,9876543307,2024-10-02,2025-01-01,Available,2,1
99,Winnie Patel,A-,Vadodara,Sayajigunj,9876543308,2024-09-08,2024-12-08,Available,4,0
100,Xavier Shah,O+,Surat,Athwa,9876543309,2024-11-08,2025-02-07,Available,1,1
101,Yash Modi,AB+,Ahmedabad,Vastrapur,9876543310,2024-10-25,2025-01-24,Available,3,1
102,Zara Patel,B+,Vadodara,Raopura,9876543311,2024-09-22,2024-12-22,Available,5,1
103,Aarav Shah,A+,Surat,Udhna,9876543312,2024-11-20,2025-02-19,Available,2,0
104,Bela Joshi,O-,Ahmedabad,SG Highway,9876543313,2024-10-15,2025-01-14,Available,4,1
105,Chinmay Patel,B-,Vadodara,Akota,9876543314,2024-09-15,2024-12-15,Available,6,1
106,Diya Shah,A-,Surat,Piplod,9876543315,2024-11-25,2025-02-24,Available,1,1
107,Elesh Mehta,O+,Ahmedabad,Gota,9876543316,2024-10-08,2025-01-07,Available,3,0
108,Falguni Patel,AB-,Vadodara,Vasna,9876543317,2024-09-28,2024-12-28,Available,2,1
109,Gautam Shah,B+,Surat,Bhatar,9876543318,2024-11-12,2025-02-11,Available,7,1
110,Heer Trivedi,A+,Ahmedabad,Chandkheda,9876543319,2024-10-22,2025-01-21,Available,4,1
111,Iram Patel,O+,Vadodara,Gorwa,9876543320,2024-09-05,2024-12-05,Available,3,0
112,Jeel Shah,B-,Surat,Varachha,9876543321,2024-11-05,2025-02-04,Available,5,1
113,Kiran Joshi,A-,Ahmedabad,Prahlad Nagar,9876543322,2024-10-28,2025-01-27,Available,2,1
114,Lavanya Patel,O-,Vadodara,Harni,9876543323,2024-09-10,2024-12-10,Available,4,1
115,Meet Shah,AB+,Surat,Althan,9876543324,2024-11-18,2025-02-17,Available,1,0
116,Nehal Mehta,B+,Ahmedabad,Thaltej,9876543325,2024-10-05,2025-01-04,Available,6,1
117,Omna Patel,A+,Vadodara,Atladra,9876543326,2024-09-20,2024-12-20,Available,3,1
118,Parva Shah,O+,Surat,Pal,9876543327,2024-11-28,2025-02-27,Available,5,0
119,Qadeer Trivedi,B-,Ahmedabad,Ambawadi,9876543328,2024-10-12,2025-01-11,Available,2,1
120,Ria Modi,A-,Vadodara,Sama,9876543329,2024-09-18,2024-12-18,Available,4,1
121,Sahil Shah,AB-,Surat,Kamrej,9876543330,2024-11-22,2025-02-21,Available,3,1
122,Toral Patel,O+,Ahmedabad,Paldi,9876543331,2024-10-25,2025-01-24,Available,7,1
123,Utsav Joshi,B+,Vadodara,Race Course,9876543332,2024-09-25,2024-12-25,Available,2,0
124,Veda Shah,A+,Surat,Dumas,9876543333,2024-11-15,2025-02-14,Available,5,1
125,Wafa Patel,O-,Ahmedabad,Ellis Bridge,9876543334,2024-10-18,2025-01-17,Available,4,1
126,Xena Mehta,B-,Vadodara,Fatehgunj,9876543335,2024-09-12,2024-12-12,Available,1,1
127,Yami Shah,A-,Surat,Sachin,9876543336,2024-11-08,2025-02-07,Available,3,0
128,Zeel Patel,O+,Ahmedabad,Shahibaug,9876543337,2024-10-02,2025-01-01,Available,6,1
129,Aryan Joshi,AB+,Vadodara,Alkapuri,9876543338,2024-09-08,2024-12-08,Available,2,1
130,Brinda Shah,B+,Surat,Adajan,9876543339,2024-11-25,2025-02-24,Available,4,1
131,Chetan Patel,A+,Ahmedabad,Nikol,9876543340,2024-10-15,2025-01-14,Available,3,0
132,Drishti Trivedi,O+,Vadodara,Manjalpur,9876543341,2024-09-22,2024-12-22,Available,5,1
133,Eena Shah,B-,Surat,Vesu,9876543342,2024-11-20,2025-02-19,Available,1,1
134,Farhan Patel,A-,Ahmedabad,Satellite,9876543343,2024-10-08,2025-01-07,Available,4,0
135,Geet Joshi,O-,Vadodara,Gotri,9876543344,2024-09-15,2024-12-15,Available,2,1
136,Harshil Shah,AB-,Surat,Citylight,9876543345,2024-11-12,2025-02-11,Available,6,1
137,Ishita Mehta,B+,Ahmedabad,Bopal,9876543346,2024-10-22,2025-01-21,Available,3,1
138,Janak Patel,A+,Vadodara,Karelibaug,9876543347,2024-09-28,2024-12-28,Available,5,0
139,Kruti Shah,O+,Surat,Katargam,9876543348,2024-11-05,2025-02-04,Available,2,1
140,Laksh Trivedi,B-,Ahmedabad,Navrangpura,9876543349,2024-10-28,2025-01-27,Available,4,1
141,Mahi Patel,A-,Vadodara,Sayajigunj,9876543350,2024-09-05,2024-12-05,Available,1,1
142,Nakul Shah,O+,Surat,Athwa,9876543351,2024-11-28,2025-02-27,Available,3,0
143,Ojas Joshi,AB+,Ahmedabad,Vastrapur,9876543352,2024-10-05,2025-01-04,Available,7,1
144,Pari Patel,B+,Vadodara,Raopura,9876543353,2024-09-20,2024-12-20,Available,2,1
145,Qasim Shah,A+,Surat,Udhna,9876543354,2024-11-15,2025-02-14,Available,4,1
146,Rupal Mehta,O-,Ahmedabad,SG Highway,9876543355,2024-10-12,2025-01-11,Available,5,0
147,Sahana Patel,B-,Vadodara,Akota,9876543356,2024-09-18,2024-12-18,Available,3,1
148,Tvisha Shah,A-,Surat,Piplod,9876543357,2024-11-20,2025-02-19,Available,6,1
149,Udit Joshi,O+,Ahmedabad,Gota,9876543358,2024-10-25,2025-01-24,Available,1,1
150,Vansh Patel,AB-,Vadodara,Vasna,9876543359,2024-09-25,2024-12-25,Available,4,0
151,Wren Shah,B+,Surat,Bhatar,9876543360,2024-11-08,2025-02-07,Available,2,1
152,Xara Trivedi,A+,Ahmedabad,Chandkheda,9876543361,2024-10-18,2025-01-17,Available,5,1
153,Yuvraj Patel,O+,Vadodara,Gorwa,9876543362,2024-09-12,2024-12-12,Available,3,1
154,Zeena Shah,B-,Surat,Varachha,9876543363,2024-11-25,2025-02-24,Available,4,0
155,Aarti Joshi,A-,Ahmedabad,Prahlad Nagar,9876543364,2024-10-02,2025-01-01,Available,1,1
156,Biren Patel,O-,Vadodara,Harni,9876543365,2024-09-08,2024-12-08,Available,6,1
157,Charmi Shah,AB+,Surat,Althan,9876543366,2024-11-22,2025-02-21,Available,3,1
158,Darsh Mehta,B+,Ahmedabad,Thaltej,9876543367,2024-10-28,2025-01-27,Available,2,0
159,Eesha Patel,A+,Vadodara,Atladra,9876543368,2024-09-22,2024-12-22,Available,5,1
160,Fenil Shah,O+,Surat,Pal,9876543369,2024-11-12,2025-02-11,Available,4,1
161,Gaurangi Trivedi,B-,Ahmedabad,Ambawadi,9876543370,2024-10-15,2025-01-14,Available,3,1
162,Hetal Patel,A-,Vadodara,Sama,9876543371,2024-09-15,2024-12-15,Available,7,0
163,Ishan Shah,O+,Surat,Kamrej,9876543372,2024-11-05,2025-02-04,Available,2,1
164,Jiya Joshi,AB-,Ahmedabad,Paldi,9876543373,2024-10-22,2025-01-21,Available,4,1
165,Kunj Patel,B+,Vadodara,Race Course,9876543374,2024-09-28,2024-12-28,Available,1,1
166,Leela Shah,A+,Surat,Dumas,9876543375,2024-11-18,2025-02-17,Available,5,0
167,Mihir Mehta,O-,Ahmedabad,Ellis Bridge,9876543376,2024-10-05,2025-01-04,Available,3,1
168,Nidhi Patel,B-,Vadodara,Fatehgunj,9876543377,2024-09-10,2024-12-10,Available,6,1
169,Omkar Shah,A-,Surat,Sachin,9876543378,2024-11-28,2025-02-27,Available,2,1
170,Palak Trivedi,O+,Ahmedabad,Shahibaug,9876543379,2024-10-12,2025-01-11,Available,4,0
171,Roshan Patel,AB+,Vadodara,Alkapuri,9876543380,2024-09-20,2024-12-20,Available,8,1
172,Saloni Shah,B+,Surat,Adajan,9876543381,2024-11-22,2025-02-21,Available,3,1
173,Tarini Joshi,A+,Ahmedabad,Nikol,9876543382,2024-10-28,2025-01-27,Available,5,1
174,Uday Patel,O+,Vadodara,Manjalpur,9876543383,2024-09-25,2024-12-25,Available,2,0
175,Vani Shah,B-,Surat,Vesu,9876543384,2024-11-15,2025-02-14,Available,4,1
176,Waheeda Mehta,A-,Ahmedabad,Satellite,9876543385,2024-10-08,2025-01-07,Available,1,1
177,Xenon Patel,O-,Vadodara,Gotri,9876543386,2024-09-05,2024-12-05,Available,3,0
178,Yamuna Shah,AB-,Surat,Citylight,9876543387,2024-11-08,2025-02-07,Available,6,1
179,Zaid Trivedi,B+,Ahmedabad,Bopal,9876543388,2024-10-18,2025-01-17,Available,2,1
180,Asmita Patel,A+,Vadodara,Karelibaug,9876543389,2024-09-18,2024-12-18,Available,5,1
181,Bhoomi Shah,O+,Surat,Katargam,9876543390,2024-11-25,2025-02-24,Available,3,0
182,Chandan Joshi,B-,Ahmedabad,Navrangpura,9876543391,2024-10-02,2025-01-01,Available,4,1
183,Dolly Patel,A-,Vadodara,Sayajigunj,9876543392,2024-09-22,2024-12-22,Available,7,1
184,Eklavya Shah,O+,Surat,Athwa,9876543393,2024-11-20,2025-02-19,Available,1,1
185,Feni Mehta,AB+,Ahmedabad,Vastrapur,9876543394,2024-10-25,2025-01-24,Available,3,0
186,Ghanshyam Patel,B+,Vadodara,Raopura,9876543395,2024-09-15,2024-12-15,Available,5,1
187,Harini Shah,A+,Surat,Udhna,9876543396,2024-11-12,2025-02-11,Available,2,1
188,Ilesh Trivedi,O-,Ahmedabad,SG Highway,9876543397,2024-10-28,2025-01-27,Available,4,1
189,Jhanvi Patel,B-,Vadodara,Akota,9876543398,2024-09-08,2024-12-08,Available,6,0
190,Keyur Shah,A-,Surat,Piplod,9876543399,2024-11-05,2025-02-04,Available,3,1
191,Lata Joshi,O+,Ahmedabad,Gota,9876543400,2024-10-15,2025-01-14,Available,5,1
192,Manoj Patel,AB-,Vadodara,Vasna,9876543401,2024-09-28,2024-12-28,Available,2,1
193,Nidhi Shah,B+,Surat,Bhatar,9876543402,2024-11-28,2025-02-27,Available,4,0
194,Ojas Trivedi,A+,Ahmedabad,Chandkheda,9876543403,2024-10-05,2025-01-04,Available,1,1
195,Puja Patel,O+,Vadodara,Gorwa,9876543404,2024-09-12,2024-12-12,Available,3,1
196,Ravi Shah,B-,Surat,Varachha,9876543405,2024-11-22,2025-02-21,Available,7,1
197,Saumya Joshi,A-,Ahmedabad,Prahlad Nagar,9876543406,2024-10-22,2025-01-21,Available,2,1
198,Tanmay Patel,O-,Vadodara,Harni,9876543407,2024-09-25,2024-12-25,Available,5,0
199,Uma Shah,AB+,Surat,Althan,9876543408,2024-11-15,2025-02-14,Available,4,1
200,Vijay Mehta,B+,Ahmedabad,Thaltej,9876543409,2024-10-18,2025-01-17,Available,3,1
